{"centers": [85.27634459036898, 162.62127678213858], "distance": 5283375.0, "time": 427.7568702697754}